<?xml version="1.0" encoding="UTF-8" standalone="no"?>
<registration_data version="1.0">
   <environment>
      <hostname>RenanGomes-PC</hostname>
      <hostId/>
      <osName>Windows 7</osName>
      <osVersion>6.1</osVersion>
      <osArchitecture>x86</osArchitecture>
      <systemModel>To Be Filled By O.E.M.</systemModel>
      <systemManufacturer>To Be Filled By O.E.M.</systemManufacturer>
      <cpuManufacturer>AuthenticAMD</cpuManufacturer>
      <serialNumber>To Be Filled By O.E.M.</serialNumber>
   </environment>
   <registry urn="urn:st:050ee436-b5a6-4dc6-be06-90d2df59ae60" version="1.0">
      <service_tag>
         <instance_urn>urn:st:d4ed3e0f-3d74-4d3c-9c35-61e3a27f416b</instance_urn>
         <product_name>Java SE 6 Runtime Environment</product_name>
         <product_version>1.6.0_24</product_version>
         <product_urn>urn:uuid:92d1de8c-1e59-42c6-a280-1c379526bcbc</product_urn>
         <product_parent_urn>urn:uuid:fdc90b21-018d-4cab-b866-612c7c119ed3</product_parent_urn>
         <product_parent>Java Platform Standard Edition 6 (Java SE 6)</product_parent>
         <product_defined_inst_id>id=1.6.0_24-b07 x86,dir=C:\jre6</product_defined_inst_id>
         <product_vendor>Sun Microsystems</product_vendor>
         <platform_arch>x86</platform_arch>
         <timestamp>2011-04-20 02:52:50 GMT</timestamp>
         <container>global</container>
         <source>Windows JRE installer</source>
         <installer_uid>-1</installer_uid>
      </service_tag>
   </registry>
</registration_data>
